metric,AUC
bleu_score,0.8461538461538461
chrf++_score,0.9285714285714286
ter_score,0.20604395604395603
