system,translation,precision,recall,f1
GPT-5,English to Fijian,0.44343434343434335,0.5357487922705314,0.4786945361202786
GPT-5,Fijian to English,0.5579710144927535,0.5015151515151515,0.5234892787524367
Gemini 1.5 Pro,English to Fijian,0.4453703703703704,0.5363562091503268,0.4689885278120573
Gemini 1.5 Pro,Fijian to English,0.43889599317988065,0.4680878552971576,0.44110847018150384
Google Translate,English to Fijian,0.49372759856630827,0.587121212121212,0.5255950739821708
Google Translate,Fijian to English,0.33049242424242425,0.37868217054263564,0.3481562881562882
Microsoft Translator,English to Fijian,0.3711484593837535,0.4459259259259259,0.3951482479784367
Microsoft Translator,Fijian to English,0.2681623931623932,0.32659883720930233,0.2917110063849194
