direction,n,error_rate
en->fj,896,0.8169642857142857
fj->en,932,0.878755364806867
