direction,system,n,adequacy_1to5_mean,adequacy_1to5_std,fluency_1to5_mean,fluency_1to5_std,cohesion_discourse_optional_mean,cohesion_discourse_optional_std
en->fj,chatgpt,139,3.7050359712230216,1.0594860485643465,3.6690647482014387,0.8959529717911254,,
en->fj,gemini,125,3.784,1.0363085852539133,3.68,0.9804541409880663,,
en->fj,google_translate,116,3.5,1.0754170070862905,3.6724137931034484,1.061384346800999,,
en->fj,microsoft_translate,116,3.5258620689655173,1.137970786639261,3.836206896551724,0.9595648064050465,,
fj->en,chatgpt,158,3.569620253164557,0.999153071978087,3.5569620253164556,1.0435953951926047,,
fj->en,gemini,153,3.6601307189542482,1.0270255896264255,3.6601307189542482,0.9878432028041972,,
fj->en,google_translate,142,3.5492957746478875,1.0557338531251623,3.7183098591549295,0.9775218136768946,,
fj->en,microsoft_translate,142,3.788732394366197,1.0773686483627958,3.640845070422535,1.0337671198563512,,
