direction,system,bleu_mean,bleu_std,bleu_count,chrf_mean,chrf_std,chrf_count,ter_mean,ter_std,ter_count,comet_mean,comet_std,comet_count,fluency_mean,fluency_std,fluency_count,adequacy_mean,adequacy_std,adequacy_count
en->fj,chatgpt,0.04372298594505265,0.0478803639113188,224,0.2517069480609414,0.1226085923379881,224,1.1686338702136836,0.8999621155079582,224,0.5932724948174187,0.09845074982993604,224,2.8392857142857144,0.7403013739547616,224,1.9732142857142858,0.6954022151756754,224
en->fj,gemini,0.1510417900137123,0.14509360215615777,224,0.5030373009841651,0.22061508602913152,224,0.8196298335517384,0.6786219981551049,223,0.705786138104751,0.11992910664584366,223,3.901345291479821,0.7647339418767556,223,3.3452914798206277,1.000928749014012,223
en->fj,google,0.1665016333561626,0.16092667098768232,224,0.5097106690103305,0.2241408288125711,224,0.9772691461112574,1.120547176051975,224,0.6994799545833043,0.12045891333418811,224,3.8545454545454545,0.7130404848844614,220,3.3227272727272728,0.9267372028188022,220
en->fj,microsoft,0.18946400807627825,0.1965249318445835,224,0.5255394692581068,0.22060017568472093,224,0.9011983328115669,0.9652893824901126,224,0.7026114934124053,0.1239285950861085,224,3.9107142857142856,0.7219004742226562,224,3.4732142857142856,0.9560740109499039,224
fj->en,chatgpt,0.0436135847970413,0.08869586626652504,233,0.21832478464408958,0.18060359931652606,233,1.2253347833325694,0.8602584367991855,233,0.5176961769233958,0.15486008656301942,233,2.6394849785407724,1.117487827206371,233,1.6051502145922747,0.9369655252151832,233
fj->en,gemini,0.1337341747728239,0.19047580064857408,233,0.38447616036731425,0.28436878767627444,233,0.9239842020447027,0.6834620833458358,233,0.6239451987293145,0.19962072291973246,233,3.59656652360515,1.2353926731925964,233,2.763948497854077,1.4263788963514514,233
fj->en,google,0.15003901029699815,0.21435197003875775,233,0.37728159941541956,0.2821142874887155,233,0.8527713928726984,0.5772363719782514,233,0.6320543113952031,0.20333141189960774,233,3.390557939914163,1.278905828587757,233,2.587982832618026,1.3684347210995884,233
fj->en,microsoft,0.11222094219856645,0.15886627656255034,233,0.35341120209331905,0.25858714041205855,233,0.884615630184698,0.5524525423890362,233,0.6091334076654246,0.19798193485867913,233,3.313304721030043,1.266492501313288,233,2.476394849785408,1.3165396317780658,233
