system,fluency_mean,fluency_std,fluency_count,adequacy_mean,adequacy_std,adequacy_count
chatgpt,2.737417943107221,0.9556963948154793,457,1.785557986870897,0.8468008459000212,457
gemini,3.745614035087719,1.042494080485132,456,3.0482456140350878,1.269194255511141,456
google,3.615894039735099,1.067589256505511,453,2.944812362030905,1.229810681389307,453
microsoft,3.6061269146608317,1.0771783769586036,457,2.964989059080963,1.2560728141129867,457
